{"cameraMode":{"drawMode":0,"name":"Shaded","section":"Shading Mode"},"sceneLighting":true,"audioPlay":false,"sceneViewState":{"m_AlwaysRefresh":false,"showFog":true,"showSkybox":true,"showFlares":true,"showImageEffects":true,"showParticleSystems":true,"showVisualEffectGraphs":true,"m_FxEnabled":true},"in2DMode":false,"pivot":{"x":438.6982116699219,"y":207.1921844482422,"z":-12.718538284301758},"rotation":{"x":0.0011902222177013755,"y":-0.014402654953300953,"z":-0.00001711635741230566,"w":-0.9998948574066162},"size":594.76953125,"orthographic":false}